,file_name,Eyeglasses
23863,23863.jpg,-1
28470,28470.jpg,-1
20921,20921.jpg,-1
4030,4030.jpg,-1
3580,3580.jpg,-1
21737,21737.jpg,-1
26309,26309.jpg,-1
2662,2662.jpg,-1
6689,6689.jpg,-1
2538,2538.jpg,-1
4405,4405.jpg,-1
19837,19837.jpg,-1
6374,6374.jpg,-1
18338,18338.jpg,-1
7105,7105.jpg,-1
29682,29682.jpg,-1
13452,13452.jpg,-1
4706,4706.jpg,-1
29267,29267.jpg,-1
26018,26018.jpg,-1
28231,28231.jpg,-1
10993,10993.jpg,-1
7058,7058.jpg,-1
12426,12426.jpg,-1
13262,13262.jpg,-1
1616,1616.jpg,-1
15004,15004.jpg,-1
1412,1412.jpg,-1
17973,17973.jpg,-1
8892,8892.jpg,-1
14510,14510.jpg,-1
23549,23549.jpg,-1
10060,10060.jpg,-1
24721,24721.jpg,-1
7542,7542.jpg,-1
27549,27549.jpg,-1
12331,12331.jpg,-1
24590,24590.jpg,-1
291,291.jpg,-1
1165,1165.jpg,-1
10835,10835.jpg,-1
25142,25142.jpg,-1
13637,13637.jpg,-1
7505,7505.jpg,-1
6575,6575.jpg,-1
20756,20756.jpg,-1
3281,3281.jpg,-1
18428,18428.jpg,-1
20547,20547.jpg,-1
10459,10459.jpg,-1
15,15.jpg,-1
3308,3308.jpg,-1
23295,23295.jpg,-1
6103,6103.jpg,-1
29231,29231.jpg,-1
10631,10631.jpg,-1
11849,11849.jpg,-1
3215,3215.jpg,-1
1938,1938.jpg,-1
16863,16863.jpg,-1
27995,27995.jpg,-1
24765,24765.jpg,-1
24563,24563.jpg,-1
17568,17568.jpg,-1
20716,20716.jpg,-1
23752,23752.jpg,-1
12370,12370.jpg,-1
5380,5380.jpg,-1
28863,28863.jpg,-1
13989,13989.jpg,-1
13470,13470.jpg,-1
19428,19428.jpg,-1
23212,23212.jpg,-1
16561,16561.jpg,-1
20391,20391.jpg,-1
12424,12424.jpg,-1
16932,16932.jpg,-1
22034,22034.jpg,-1
18796,18796.jpg,-1
21856,21856.jpg,-1
23224,23224.jpg,-1
21755,21755.jpg,-1
19913,19913.jpg,-1
13305,13305.jpg,-1
6860,6860.jpg,-1
11143,11143.jpg,-1
6510,6510.jpg,-1
17291,17291.jpg,-1
17673,17673.jpg,-1
12692,12692.jpg,-1
29369,29369.jpg,-1
7091,7091.jpg,-1
11588,11588.jpg,-1
17869,17869.jpg,-1
5988,5988.jpg,-1
25011,25011.jpg,-1
26061,26061.jpg,-1
22038,22038.jpg,-1
8319,8319.jpg,-1
9134,9134.jpg,-1
28938,28938.jpg,-1
12636,12636.jpg,-1
22422,22422.jpg,-1
4261,4261.jpg,-1
27626,27626.jpg,-1
19510,19510.jpg,-1
19285,19285.jpg,-1
6050,6050.jpg,-1
10452,10452.jpg,-1
16331,16331.jpg,-1
15630,15630.jpg,-1
2227,2227.jpg,-1
14018,14018.jpg,-1
22024,22024.jpg,-1
21683,21683.jpg,-1
9961,9961.jpg,-1
18534,18534.jpg,-1
3946,3946.jpg,-1
10520,10520.jpg,-1
15652,15652.jpg,-1
19266,19266.jpg,-1
24250,24250.jpg,-1
13899,13899.jpg,-1
16955,16955.jpg,-1
6177,6177.jpg,-1
21158,21158.jpg,-1
323,323.jpg,-1
1448,1448.jpg,-1
1177,1177.jpg,-1
24987,24987.jpg,-1
20645,20645.jpg,-1
27220,27220.jpg,-1
5352,5352.jpg,-1
3519,3519.jpg,-1
27206,27206.jpg,-1
18821,18821.jpg,-1
368,368.jpg,-1
910,910.jpg,-1
11899,11899.jpg,-1
17286,17286.jpg,-1
25036,25036.jpg,-1
11870,11870.jpg,-1
25516,25516.jpg,-1
18649,18649.jpg,-1
2312,2312.jpg,-1
5235,5235.jpg,-1
1491,1491.jpg,-1
3755,3755.jpg,-1
10217,10217.jpg,-1
25280,25280.jpg,-1
15442,15442.jpg,-1
20326,20326.jpg,-1
18430,18430.jpg,-1
19466,19466.jpg,-1
25986,25986.jpg,-1
24403,24403.jpg,-1
21142,21142.jpg,-1
14844,14844.jpg,-1
18252,18252.jpg,-1
1627,1627.jpg,-1
9138,9138.jpg,-1
5495,5495.jpg,-1
5422,5422.jpg,-1
10935,10935.jpg,-1
22947,22947.jpg,-1
27216,27216.jpg,-1
5560,5560.jpg,-1
13020,13020.jpg,-1
21318,21318.jpg,-1
4317,4317.jpg,-1
20028,20028.jpg,-1
23814,23814.jpg,-1
14428,14428.jpg,-1
28093,28093.jpg,-1
16726,16726.jpg,-1
7333,7333.jpg,-1
7962,7962.jpg,-1
4512,4512.jpg,-1
28036,28036.jpg,-1
14777,14777.jpg,-1
12381,12381.jpg,-1
24944,24944.jpg,-1
17230,17230.jpg,-1
24222,24222.jpg,-1
12964,12964.jpg,-1
8632,8632.jpg,-1
8158,8158.jpg,-1
3329,3329.jpg,-1
19086,19086.jpg,-1
10902,10902.jpg,-1
1043,1043.jpg,-1
17680,17680.jpg,-1
22982,22982.jpg,-1
574,574.jpg,-1
1736,1736.jpg,-1
16033,16033.jpg,-1
21103,21103.jpg,-1
24177,24177.jpg,-1
23953,23953.jpg,-1
14402,14402.jpg,-1
25209,25209.jpg,-1
7323,7323.jpg,-1
8501,8501.jpg,-1
8295,8295.jpg,-1
22250,22250.jpg,-1
22727,22727.jpg,-1
15027,15027.jpg,-1
16383,16383.jpg,-1
2361,2361.jpg,-1
14930,14930.jpg,-1
24387,24387.jpg,-1
21187,21187.jpg,-1
7098,7098.jpg,-1
25426,25426.jpg,-1
21687,21687.jpg,-1
8167,8167.jpg,-1
18500,18500.jpg,-1
7575,7575.jpg,-1
29076,29076.jpg,-1
8292,8292.jpg,-1
10449,10449.jpg,-1
6840,6840.jpg,-1
15477,15477.jpg,-1
28885,28885.jpg,-1
1812,1812.jpg,-1
19597,19597.jpg,-1
22145,22145.jpg,-1
14997,14997.jpg,-1
7879,7879.jpg,-1
29865,29865.jpg,-1
22712,22712.jpg,-1
1695,1695.jpg,-1
22252,22252.jpg,-1
5848,5848.jpg,-1
25042,25042.jpg,-1
15961,15961.jpg,-1
27785,27785.jpg,-1
746,746.jpg,-1
4207,4207.jpg,-1
17097,17097.jpg,-1
11876,11876.jpg,-1
12319,12319.jpg,-1
17146,17146.jpg,-1
6307,6307.jpg,-1
27733,27733.jpg,-1
6644,6644.jpg,-1
15241,15241.jpg,-1
16750,16750.jpg,-1
22001,22001.jpg,-1
23955,23955.jpg,-1
11504,11504.jpg,-1
26814,26814.jpg,-1
10803,10803.jpg,-1
24002,24002.jpg,-1
9534,9534.jpg,-1
1299,1299.jpg,-1
29141,29141.jpg,-1
12236,12236.jpg,-1
13634,13634.jpg,-1
29803,29803.jpg,-1
21098,21098.jpg,-1
22460,22460.jpg,-1
16002,16002.jpg,-1
8672,8672.jpg,-1
24045,24045.jpg,-1
10951,10951.jpg,-1
9093,9093.jpg,-1
8391,8391.jpg,-1
21939,21939.jpg,-1
5381,5381.jpg,-1
15602,15602.jpg,-1
28449,28449.jpg,-1
16026,16026.jpg,-1
7959,7959.jpg,-1
19701,19701.jpg,-1
567,567.jpg,-1
17037,17037.jpg,-1
25706,25706.jpg,-1
23181,23181.jpg,-1
25656,25656.jpg,-1
11445,11445.jpg,-1
18795,18795.jpg,-1
22117,22117.jpg,-1
17572,17572.jpg,-1
16259,16259.jpg,-1
19173,19173.jpg,-1
11981,11981.jpg,-1
25102,25102.jpg,-1
2172,2172.jpg,-1
15774,15774.jpg,-1
18767,18767.jpg,-1
6998,6998.jpg,-1
2680,2680.jpg,-1
9523,9523.jpg,-1
23163,23163.jpg,-1
29685,29685.jpg,-1
24682,24682.jpg,-1
23756,23756.jpg,-1
1331,1331.jpg,-1
497,497.jpg,-1
15427,15427.jpg,-1
1719,1719.jpg,-1
3266,3266.jpg,-1
11815,11815.jpg,-1
23329,23329.jpg,-1
21911,21911.jpg,-1
23469,23469.jpg,-1
1501,1501.jpg,-1
20847,20847.jpg,-1
2377,2377.jpg,-1
16742,16742.jpg,-1
13684,13684.jpg,-1
20540,20540.jpg,-1
23397,23397.jpg,-1
5033,5033.jpg,-1
15354,15354.jpg,-1
24439,24439.jpg,-1
813,813.jpg,-1
26711,26711.jpg,-1
8483,8483.jpg,-1
717,717.jpg,-1
4391,4391.jpg,-1
4764,4764.jpg,-1
5322,5322.jpg,-1
24480,24480.jpg,-1
15577,15577.jpg,-1
7640,7640.jpg,-1
5910,5910.jpg,-1
2599,2599.jpg,-1
12430,12430.jpg,-1
25876,25876.jpg,-1
22015,22015.jpg,-1
10553,10553.jpg,-1
4093,4093.jpg,-1
27317,27317.jpg,-1
11160,11160.jpg,-1
16425,16425.jpg,-1
16443,16443.jpg,-1
20306,20306.jpg,-1
22795,22795.jpg,-1
17877,17877.jpg,-1
10427,10427.jpg,-1
27309,27309.jpg,-1
17943,17943.jpg,-1
21857,21857.jpg,-1
17989,17989.jpg,-1
17592,17592.jpg,-1
20244,20244.jpg,-1
20099,20099.jpg,-1
712,712.jpg,-1
26093,26093.jpg,-1
6205,6205.jpg,-1
6504,6504.jpg,-1
3914,3914.jpg,-1
26710,26710.jpg,-1
16779,16779.jpg,-1
24130,24130.jpg,-1
12737,12737.jpg,-1
13802,13802.jpg,-1
974,974.jpg,-1
17277,17277.jpg,-1
14496,14496.jpg,-1
5839,5839.jpg,-1
8854,8854.jpg,-1
3816,3816.jpg,-1
24896,24896.jpg,-1
28815,28815.jpg,-1
15211,15211.jpg,-1
3218,3218.jpg,-1
21858,21858.jpg,-1
23818,23818.jpg,-1
8396,8396.jpg,-1
16938,16938.jpg,-1
25368,25368.jpg,-1
21062,21062.jpg,-1
6990,6990.jpg,-1
23187,23187.jpg,-1
6569,6569.jpg,-1
6623,6623.jpg,-1
11856,11856.jpg,-1
16674,16674.jpg,-1
24485,24485.jpg,-1
15846,15846.jpg,-1
29920,29920.jpg,-1
27648,27648.jpg,-1
23251,23251.jpg,-1
4285,4285.jpg,-1
6862,6862.jpg,-1
22587,22587.jpg,-1
17323,17323.jpg,-1
15419,15419.jpg,-1
8136,8136.jpg,-1
10649,10649.jpg,-1
18342,18342.jpg,-1
22884,22884.jpg,-1
21019,21019.jpg,-1
27837,27837.jpg,-1
12691,12691.jpg,-1
26270,26270.jpg,-1
13571,13571.jpg,-1
17706,17706.jpg,-1
5036,5036.jpg,-1
23707,23707.jpg,-1
215,215.jpg,-1
16199,16199.jpg,-1
25751,25751.jpg,-1
28774,28774.jpg,-1
12675,12675.jpg,-1
5120,5120.jpg,-1
23578,23578.jpg,-1
1524,1524.jpg,-1
6202,6202.jpg,-1
19765,19765.jpg,-1
20297,20297.jpg,-1
22239,22239.jpg,-1
18400,18400.jpg,-1
23420,23420.jpg,-1
18370,18370.jpg,-1
13504,13504.jpg,-1
8358,8358.jpg,-1
13095,13095.jpg,-1
14089,14089.jpg,-1
19636,19636.jpg,-1
24366,24366.jpg,-1
18687,18687.jpg,-1
2611,2611.jpg,-1
28842,28842.jpg,-1
11286,11286.jpg,-1
17251,17251.jpg,-1
15215,15215.jpg,-1
21572,21572.jpg,-1
2594,2594.jpg,-1
13801,13801.jpg,-1
15316,15316.jpg,-1
7687,7687.jpg,-1
13455,13455.jpg,-1
1399,1399.jpg,-1
22440,22440.jpg,-1
14672,14672.jpg,-1
28390,28390.jpg,-1
6127,6127.jpg,-1
12076,12076.jpg,-1
5083,5083.jpg,-1
10845,10845.jpg,-1
4576,4576.jpg,-1
14468,14468.jpg,-1
17503,17503.jpg,-1
28314,28314.jpg,-1
21510,21510.jpg,-1
14987,14987.jpg,-1
8976,8976.jpg,-1
17735,17735.jpg,-1
7142,7142.jpg,-1
11054,11054.jpg,-1
23056,23056.jpg,-1
15444,15444.jpg,-1
9993,9993.jpg,-1
15732,15732.jpg,-1
21536,21536.jpg,-1
23143,23143.jpg,-1
4410,4410.jpg,-1
22417,22417.jpg,-1
12018,12018.jpg,-1
15746,15746.jpg,-1
22083,22083.jpg,-1
16747,16747.jpg,-1
11679,11679.jpg,-1
25814,25814.jpg,-1
3353,3353.jpg,-1
22655,22655.jpg,-1
7132,7132.jpg,-1
23704,23704.jpg,-1
9889,9889.jpg,-1
21718,21718.jpg,-1
918,918.jpg,-1
29024,29024.jpg,-1
972,972.jpg,-1
15845,15845.jpg,-1
13707,13707.jpg,-1
24453,24453.jpg,-1
8312,8312.jpg,-1
3102,3102.jpg,-1
6317,6317.jpg,-1
22676,22676.jpg,-1
12658,12658.jpg,-1
12603,12603.jpg,-1
22260,22260.jpg,-1
1588,1588.jpg,-1
15059,15059.jpg,-1
13117,13117.jpg,-1
5840,5840.jpg,-1
11236,11236.jpg,-1
9083,9083.jpg,-1
4453,4453.jpg,-1
27165,27165.jpg,-1
14,14.jpg,-1
19706,19706.jpg,-1
14141,14141.jpg,-1
3285,3285.jpg,-1
12541,12541.jpg,-1
