,file_name,Smiling
26068,26068.jpg,1
16324,16324.jpg,1
24649,24649.jpg,1
22337,22337.jpg,1
9234,9234.jpg,1
20569,20569.jpg,1
25567,25567.jpg,1
29329,29329.jpg,1
19270,19270.jpg,1
26759,26759.jpg,1
3311,3311.jpg,1
15973,15973.jpg,1
3022,3022.jpg,1
17305,17305.jpg,1
5812,5812.jpg,1
25418,25418.jpg,1
19013,19013.jpg,1
7595,7595.jpg,1
1370,1370.jpg,1
26184,26184.jpg,1
3883,3883.jpg,1
19060,19060.jpg,1
90,90.jpg,1
19342,19342.jpg,1
9704,9704.jpg,1
1360,1360.jpg,1
25923,25923.jpg,1
13076,13076.jpg,1
13797,13797.jpg,1
26581,26581.jpg,1
22567,22567.jpg,1
18722,18722.jpg,1
24722,24722.jpg,1
13970,13970.jpg,1
15191,15191.jpg,1
20018,20018.jpg,1
21306,21306.jpg,1
22395,22395.jpg,1
25965,25965.jpg,1
21678,21678.jpg,1
14165,14165.jpg,1
6251,6251.jpg,1
3011,3011.jpg,1
12441,12441.jpg,1
3976,3976.jpg,1
19138,19138.jpg,1
11052,11052.jpg,1
25140,25140.jpg,1
25737,25737.jpg,1
27637,27637.jpg,1
2408,2408.jpg,1
5088,5088.jpg,1
29018,29018.jpg,1
19444,19444.jpg,1
15623,15623.jpg,1
22393,22393.jpg,1
14546,14546.jpg,1
26096,26096.jpg,1
15690,15690.jpg,1
800,800.jpg,1
6272,6272.jpg,1
1010,1010.jpg,1
4045,4045.jpg,1
6518,6518.jpg,1
5078,5078.jpg,1
4324,4324.jpg,1
15214,15214.jpg,1
4760,4760.jpg,1
17437,17437.jpg,1
15856,15856.jpg,1
4313,4313.jpg,1
16539,16539.jpg,1
13514,13514.jpg,1
18421,18421.jpg,1
24932,24932.jpg,1
8411,8411.jpg,1
23454,23454.jpg,1
4608,4608.jpg,1
13035,13035.jpg,1
24388,24388.jpg,1
28510,28510.jpg,1
9122,9122.jpg,1
19343,19343.jpg,1
14558,14558.jpg,1
25220,25220.jpg,1
7762,7762.jpg,1
3627,3627.jpg,1
18427,18427.jpg,1
16443,16443.jpg,1
159,159.jpg,1
15867,15867.jpg,1
8688,8688.jpg,1
27039,27039.jpg,1
11452,11452.jpg,1
95,95.jpg,1
305,305.jpg,1
24974,24974.jpg,1
17933,17933.jpg,1
17271,17271.jpg,1
7067,7067.jpg,1
2426,2426.jpg,1
27053,27053.jpg,1
9440,9440.jpg,1
23021,23021.jpg,1
7791,7791.jpg,1
22042,22042.jpg,1
9441,9441.jpg,1
27306,27306.jpg,1
1172,1172.jpg,1
7662,7662.jpg,1
18848,18848.jpg,1
6218,6218.jpg,1
8888,8888.jpg,1
19946,19946.jpg,1
6681,6681.jpg,1
22315,22315.jpg,1
4988,4988.jpg,1
2990,2990.jpg,1
13275,13275.jpg,1
20039,20039.jpg,1
29652,29652.jpg,1
11598,11598.jpg,1
3534,3534.jpg,1
2569,2569.jpg,1
14962,14962.jpg,1
1504,1504.jpg,1
17727,17727.jpg,1
21989,21989.jpg,1
23252,23252.jpg,1
11333,11333.jpg,1
20134,20134.jpg,1
23506,23506.jpg,1
15683,15683.jpg,1
303,303.jpg,1
20081,20081.jpg,1
29063,29063.jpg,1
28085,28085.jpg,1
1351,1351.jpg,1
10878,10878.jpg,1
26006,26006.jpg,1
26687,26687.jpg,1
4306,4306.jpg,1
13821,13821.jpg,1
5165,5165.jpg,1
921,921.jpg,1
1876,1876.jpg,1
28336,28336.jpg,1
5817,5817.jpg,1
525,525.jpg,1
27202,27202.jpg,1
4177,4177.jpg,1
15648,15648.jpg,1
15761,15761.jpg,1
2319,2319.jpg,1
19623,19623.jpg,1
12261,12261.jpg,1
26961,26961.jpg,1
4327,4327.jpg,1
19277,19277.jpg,1
5387,5387.jpg,1
6132,6132.jpg,1
13242,13242.jpg,1
23461,23461.jpg,1
22515,22515.jpg,1
15729,15729.jpg,1
18525,18525.jpg,1
21225,21225.jpg,1
11701,11701.jpg,1
14462,14462.jpg,1
27628,27628.jpg,1
4159,4159.jpg,1
9512,9512.jpg,1
10302,10302.jpg,1
7443,7443.jpg,1
3774,3774.jpg,1
1521,1521.jpg,1
640,640.jpg,1
20704,20704.jpg,1
162,162.jpg,1
25222,25222.jpg,1
12087,12087.jpg,1
2480,2480.jpg,1
19052,19052.jpg,1
17283,17283.jpg,1
10670,10670.jpg,1
11872,11872.jpg,1
18843,18843.jpg,1
14054,14054.jpg,1
28258,28258.jpg,1
17867,17867.jpg,1
3456,3456.jpg,1
12150,12150.jpg,1
13229,13229.jpg,1
29704,29704.jpg,1
24083,24083.jpg,1
529,529.jpg,1
549,549.jpg,1
6619,6619.jpg,1
5058,5058.jpg,1
9285,9285.jpg,1
2277,2277.jpg,1
4442,4442.jpg,1
5029,5029.jpg,1
13073,13073.jpg,1
5677,5677.jpg,1
21505,21505.jpg,1
16157,16157.jpg,1
23732,23732.jpg,1
4527,4527.jpg,1
3648,3648.jpg,1
2482,2482.jpg,1
14164,14164.jpg,1
22360,22360.jpg,1
6043,6043.jpg,1
19805,19805.jpg,1
16403,16403.jpg,1
18501,18501.jpg,1
22952,22952.jpg,1
25822,25822.jpg,1
27821,27821.jpg,1
27926,27926.jpg,1
29873,29873.jpg,1
4171,4171.jpg,1
18552,18552.jpg,1
4065,4065.jpg,1
6432,6432.jpg,1
10423,10423.jpg,1
19043,19043.jpg,1
19149,19149.jpg,1
12912,12912.jpg,1
7225,7225.jpg,1
13099,13099.jpg,1
28987,28987.jpg,1
9225,9225.jpg,1
14258,14258.jpg,1
825,825.jpg,1
4042,4042.jpg,1
2214,2214.jpg,1
26232,26232.jpg,1
17731,17731.jpg,1
4087,4087.jpg,1
27869,27869.jpg,1
24408,24408.jpg,1
19217,19217.jpg,1
6759,6759.jpg,1
19017,19017.jpg,1
20113,20113.jpg,1
28100,28100.jpg,1
7520,7520.jpg,1
29246,29246.jpg,1
17677,17677.jpg,1
29643,29643.jpg,1
13857,13857.jpg,1
19920,19920.jpg,1
5942,5942.jpg,1
14365,14365.jpg,1
12606,12606.jpg,1
18719,18719.jpg,1
18325,18325.jpg,1
2348,2348.jpg,1
23482,23482.jpg,1
12006,12006.jpg,1
25721,25721.jpg,1
10953,10953.jpg,1
27987,27987.jpg,1
3324,3324.jpg,1
29579,29579.jpg,1
29142,29142.jpg,1
989,989.jpg,1
21134,21134.jpg,1
11916,11916.jpg,1
17648,17648.jpg,1
22326,22326.jpg,1
1004,1004.jpg,1
11563,11563.jpg,1
7409,7409.jpg,1
9076,9076.jpg,1
6053,6053.jpg,1
24621,24621.jpg,1
9998,9998.jpg,1
23464,23464.jpg,1
6124,6124.jpg,1
5042,5042.jpg,1
9655,9655.jpg,1
3919,3919.jpg,1
29169,29169.jpg,1
5546,5546.jpg,1
25091,25091.jpg,1
11226,11226.jpg,1
26017,26017.jpg,1
7498,7498.jpg,1
13814,13814.jpg,1
14621,14621.jpg,1
4618,4618.jpg,1
24036,24036.jpg,1
10473,10473.jpg,1
28470,28470.jpg,1
16503,16503.jpg,1
12823,12823.jpg,1
11819,11819.jpg,1
20718,20718.jpg,1
8581,8581.jpg,1
10717,10717.jpg,1
21871,21871.jpg,1
5891,5891.jpg,1
9765,9765.jpg,1
17730,17730.jpg,1
15487,15487.jpg,1
1865,1865.jpg,1
2695,2695.jpg,1
3404,3404.jpg,1
9855,9855.jpg,1
10083,10083.jpg,1
28139,28139.jpg,1
26789,26789.jpg,1
25725,25725.jpg,1
14109,14109.jpg,1
28857,28857.jpg,1
22116,22116.jpg,1
29432,29432.jpg,1
11262,11262.jpg,1
17806,17806.jpg,1
21782,21782.jpg,1
11789,11789.jpg,1
27316,27316.jpg,1
22600,22600.jpg,1
24170,24170.jpg,1
21435,21435.jpg,1
766,766.jpg,1
6382,6382.jpg,1
23185,23185.jpg,1
23297,23297.jpg,1
12894,12894.jpg,1
17634,17634.jpg,1
6129,6129.jpg,1
2333,2333.jpg,1
7593,7593.jpg,1
21136,21136.jpg,1
7331,7331.jpg,1
26603,26603.jpg,1
1329,1329.jpg,1
23101,23101.jpg,1
27576,27576.jpg,1
26125,26125.jpg,1
2479,2479.jpg,1
5952,5952.jpg,1
8623,8623.jpg,1
24273,24273.jpg,1
4188,4188.jpg,1
10080,10080.jpg,1
1435,1435.jpg,1
3726,3726.jpg,1
6541,6541.jpg,1
23616,23616.jpg,1
2192,2192.jpg,1
14932,14932.jpg,1
11018,11018.jpg,1
6913,6913.jpg,1
29728,29728.jpg,1
3242,3242.jpg,1
2568,2568.jpg,1
17468,17468.jpg,1
21500,21500.jpg,1
4715,4715.jpg,1
32,32.jpg,1
3021,3021.jpg,1
21277,21277.jpg,1
2213,2213.jpg,1
29208,29208.jpg,1
3483,3483.jpg,1
5975,5975.jpg,1
13833,13833.jpg,1
15307,15307.jpg,1
8473,8473.jpg,1
3527,3527.jpg,1
17774,17774.jpg,1
24209,24209.jpg,1
17380,17380.jpg,1
5693,5693.jpg,1
3399,3399.jpg,1
10477,10477.jpg,1
1692,1692.jpg,1
7293,7293.jpg,1
4070,4070.jpg,1
13893,13893.jpg,1
13077,13077.jpg,1
4437,4437.jpg,1
27422,27422.jpg,1
14790,14790.jpg,1
14135,14135.jpg,1
24971,24971.jpg,1
29859,29859.jpg,1
25837,25837.jpg,1
5600,5600.jpg,1
3779,3779.jpg,1
22960,22960.jpg,1
4786,4786.jpg,1
538,538.jpg,1
11019,11019.jpg,1
2392,2392.jpg,1
7255,7255.jpg,1
12967,12967.jpg,1
29389,29389.jpg,1
13414,13414.jpg,1
26113,26113.jpg,1
20790,20790.jpg,1
18717,18717.jpg,1
5834,5834.jpg,1
1455,1455.jpg,1
23610,23610.jpg,1
16028,16028.jpg,1
2871,2871.jpg,1
26162,26162.jpg,1
2804,2804.jpg,1
19790,19790.jpg,1
23510,23510.jpg,1
4133,4133.jpg,1
6965,6965.jpg,1
21356,21356.jpg,1
19813,19813.jpg,1
24158,24158.jpg,1
26025,26025.jpg,1
25568,25568.jpg,1
22774,22774.jpg,1
26441,26441.jpg,1
12510,12510.jpg,1
3671,3671.jpg,1
7357,7357.jpg,1
10987,10987.jpg,1
17816,17816.jpg,1
21245,21245.jpg,1
21893,21893.jpg,1
7578,7578.jpg,1
26949,26949.jpg,1
3693,3693.jpg,1
23802,23802.jpg,1
13374,13374.jpg,1
168,168.jpg,1
23161,23161.jpg,1
12159,12159.jpg,1
22292,22292.jpg,1
23213,23213.jpg,1
19491,19491.jpg,1
24285,24285.jpg,1
581,581.jpg,1
3957,3957.jpg,1
11983,11983.jpg,1
1228,1228.jpg,1
8784,8784.jpg,1
21009,21009.jpg,1
19511,19511.jpg,1
8270,8270.jpg,1
19469,19469.jpg,1
17675,17675.jpg,1
1511,1511.jpg,1
23467,23467.jpg,1
21263,21263.jpg,1
15320,15320.jpg,1
19373,19373.jpg,1
8501,8501.jpg,1
2566,2566.jpg,1
18519,18519.jpg,1
16459,16459.jpg,1
18349,18349.jpg,1
25423,25423.jpg,1
22996,22996.jpg,1
16865,16865.jpg,1
11910,11910.jpg,1
13729,13729.jpg,1
15296,15296.jpg,1
2208,2208.jpg,1
18362,18362.jpg,1
4477,4477.jpg,1
24903,24903.jpg,1
17956,17956.jpg,1
16638,16638.jpg,1
20906,20906.jpg,1
12981,12981.jpg,1
26241,26241.jpg,1
14584,14584.jpg,1
24861,24861.jpg,1
15495,15495.jpg,1
19462,19462.jpg,1
14641,14641.jpg,1
22601,22601.jpg,1
13191,13191.jpg,1
6997,6997.jpg,1
15279,15279.jpg,1
685,685.jpg,1
3905,3905.jpg,1
29230,29230.jpg,1
4163,4163.jpg,1
28560,28560.jpg,1
6703,6703.jpg,1
17097,17097.jpg,1
17875,17875.jpg,1
20024,20024.jpg,1
8767,8767.jpg,1
997,997.jpg,1
232,232.jpg,1
