,file_name,Mouth_Slightly_Open,Male
15733,15733.jpg,-1,-1
19176,19176.jpg,-1,-1
21630,21630.jpg,-1,1
548,548.jpg,-1,-1
19293,19293.jpg,-1,1
26021,26021.jpg,-1,1
8361,8361.jpg,-1,1
23360,23360.jpg,-1,-1
9338,9338.jpg,-1,-1
5047,5047.jpg,-1,1
217,217.jpg,-1,-1
7891,7891.jpg,-1,-1
26085,26085.jpg,-1,-1
18451,18451.jpg,-1,1
7888,7888.jpg,-1,-1
7871,7871.jpg,-1,-1
1830,1830.jpg,-1,1
17623,17623.jpg,-1,1
22028,22028.jpg,-1,1
11,11.jpg,-1,-1
1944,1944.jpg,-1,-1
16734,16734.jpg,-1,1
13191,13191.jpg,-1,-1
12100,12100.jpg,-1,-1
1332,1332.jpg,-1,-1
27517,27517.jpg,-1,-1
20248,20248.jpg,-1,-1
23250,23250.jpg,-1,-1
16415,16415.jpg,-1,-1
22184,22184.jpg,-1,-1
10967,10967.jpg,-1,1
21120,21120.jpg,-1,1
21386,21386.jpg,-1,1
29039,29039.jpg,-1,-1
11229,11229.jpg,-1,1
6247,6247.jpg,-1,-1
16477,16477.jpg,-1,-1
22633,22633.jpg,-1,-1
26110,26110.jpg,-1,-1
16242,16242.jpg,-1,1
5121,5121.jpg,-1,-1
8226,8226.jpg,-1,-1
29181,29181.jpg,-1,-1
7407,7407.jpg,-1,-1
9020,9020.jpg,-1,-1
12144,12144.jpg,-1,-1
10114,10114.jpg,-1,1
7972,7972.jpg,-1,-1
22525,22525.jpg,-1,-1
23461,23461.jpg,-1,1
19613,19613.jpg,-1,-1
18384,18384.jpg,-1,-1
19758,19758.jpg,-1,1
5256,5256.jpg,-1,-1
4507,4507.jpg,-1,1
15731,15731.jpg,-1,1
8305,8305.jpg,-1,-1
20273,20273.jpg,-1,-1
12481,12481.jpg,-1,1
24141,24141.jpg,-1,-1
19571,19571.jpg,-1,-1
1780,1780.jpg,-1,1
4666,4666.jpg,-1,-1
19884,19884.jpg,-1,1
6809,6809.jpg,-1,-1
24499,24499.jpg,-1,1
25572,25572.jpg,-1,-1
9650,9650.jpg,-1,1
18575,18575.jpg,-1,-1
8089,8089.jpg,-1,-1
13448,13448.jpg,-1,-1
18120,18120.jpg,-1,-1
15595,15595.jpg,-1,1
23386,23386.jpg,-1,1
18189,18189.jpg,-1,-1
11307,11307.jpg,-1,1
20636,20636.jpg,-1,-1
1584,1584.jpg,-1,-1
24459,24459.jpg,-1,-1
26813,26813.jpg,-1,1
10965,10965.jpg,-1,-1
24249,24249.jpg,-1,-1
25281,25281.jpg,-1,1
7102,7102.jpg,-1,1
22191,22191.jpg,-1,1
16530,16530.jpg,-1,1
3029,3029.jpg,-1,-1
1678,1678.jpg,-1,-1
8557,8557.jpg,-1,1
25859,25859.jpg,-1,-1
20737,20737.jpg,-1,1
2751,2751.jpg,-1,-1
23080,23080.jpg,-1,1
20517,20517.jpg,-1,-1
5095,5095.jpg,-1,-1
2959,2959.jpg,-1,-1
23290,23290.jpg,-1,1
13827,13827.jpg,-1,1
23563,23563.jpg,-1,-1
23779,23779.jpg,-1,1
