,file_name,Mustache,Male
2651,2651.jpg,1,1
17136,17136.jpg,1,1
20020,20020.jpg,1,1
914,914.jpg,1,1
23579,23579.jpg,1,1
12274,12274.jpg,1,1
18351,18351.jpg,1,1
288,288.jpg,1,1
10545,10545.jpg,1,1
12572,12572.jpg,1,1
24978,24978.jpg,1,1
23248,23248.jpg,1,1
5749,5749.jpg,1,1
4596,4596.jpg,1,1
28176,28176.jpg,1,1
11139,11139.jpg,1,1
17629,17629.jpg,1,1
19182,19182.jpg,1,1
11288,11288.jpg,1,1
10696,10696.jpg,1,1
20871,20871.jpg,1,1
5006,5006.jpg,1,1
13995,13995.jpg,1,1
11984,11984.jpg,1,1
10173,10173.jpg,1,1
22758,22758.jpg,1,1
14585,14585.jpg,1,1
17007,17007.jpg,1,1
26846,26846.jpg,1,1
28733,28733.jpg,1,1
15836,15836.jpg,1,1
26627,26627.jpg,1,1
3389,3389.jpg,1,1
25447,25447.jpg,1,1
10152,10152.jpg,1,1
22741,22741.jpg,1,1
29060,29060.jpg,1,1
7962,7962.jpg,1,1
22555,22555.jpg,1,1
7021,7021.jpg,1,1
25475,25475.jpg,1,1
29255,29255.jpg,1,1
28583,28583.jpg,1,1
21744,21744.jpg,1,1
7148,7148.jpg,1,1
6773,6773.jpg,1,1
20143,20143.jpg,1,1
3588,3588.jpg,1,1
25825,25825.jpg,1,1
5047,5047.jpg,1,1
4374,4374.jpg,1,1
5952,5952.jpg,1,1
9821,9821.jpg,1,1
26446,26446.jpg,1,1
14459,14459.jpg,1,1
14563,14563.jpg,1,1
3099,3099.jpg,1,1
17011,17011.jpg,1,1
24505,24505.jpg,1,1
19422,19422.jpg,1,1
13223,13223.jpg,1,1
8711,8711.jpg,1,1
10010,10010.jpg,1,1
15307,15307.jpg,1,1
6403,6403.jpg,1,1
16483,16483.jpg,1,1
20041,20041.jpg,1,1
9761,9761.jpg,1,1
10118,10118.jpg,1,1
21318,21318.jpg,1,1
27133,27133.jpg,1,1
28228,28228.jpg,1,1
26384,26384.jpg,1,1
23329,23329.jpg,1,1
16586,16586.jpg,1,1
22724,22724.jpg,1,1
2931,2931.jpg,1,1
15601,15601.jpg,1,1
21197,21197.jpg,1,1
24591,24591.jpg,1,1
23740,23740.jpg,1,1
15826,15826.jpg,1,1
18814,18814.jpg,1,1
12258,12258.jpg,1,1
10668,10668.jpg,1,1
8729,8729.jpg,1,1
15769,15769.jpg,1,1
22085,22085.jpg,1,1
18830,18830.jpg,1,1
5191,5191.jpg,1,1
23307,23307.jpg,1,1
16116,16116.jpg,1,1
14473,14473.jpg,1,1
3297,3297.jpg,1,1
27574,27574.jpg,1,1
19546,19546.jpg,1,1
3714,3714.jpg,1,1
16168,16168.jpg,1,1
28406,28406.jpg,1,1
11300,11300.jpg,1,1
