,file_name,Smiling,Male
8046,8046.jpg,1,-1
16664,16664.jpg,1,-1
4367,4367.jpg,1,1
1622,1622.jpg,1,-1
13932,13932.jpg,1,1
9512,9512.jpg,1,1
11347,11347.jpg,1,-1
26322,26322.jpg,1,1
10858,10858.jpg,1,1
10198,10198.jpg,1,-1
3112,3112.jpg,1,-1
19840,19840.jpg,1,-1
9366,9366.jpg,1,1
9314,9314.jpg,1,1
20922,20922.jpg,1,-1
20004,20004.jpg,1,1
910,910.jpg,1,-1
12947,12947.jpg,1,1
3668,3668.jpg,1,-1
13015,13015.jpg,1,1
18230,18230.jpg,1,1
4665,4665.jpg,1,-1
27987,27987.jpg,1,-1
14371,14371.jpg,1,1
6627,6627.jpg,1,1
17231,17231.jpg,1,-1
24727,24727.jpg,1,-1
10185,10185.jpg,1,-1
2448,2448.jpg,1,-1
27700,27700.jpg,1,-1
27723,27723.jpg,1,-1
4327,4327.jpg,1,-1
23089,23089.jpg,1,-1
11218,11218.jpg,1,-1
11670,11670.jpg,1,-1
14083,14083.jpg,1,1
29236,29236.jpg,1,-1
883,883.jpg,1,1
10363,10363.jpg,1,-1
3889,3889.jpg,1,-1
14706,14706.jpg,1,-1
29847,29847.jpg,1,-1
19159,19159.jpg,1,1
2078,2078.jpg,1,-1
13803,13803.jpg,1,1
7886,7886.jpg,1,-1
11025,11025.jpg,1,-1
26011,26011.jpg,1,-1
20931,20931.jpg,1,-1
25707,25707.jpg,1,-1
8926,8926.jpg,1,-1
23406,23406.jpg,1,-1
24377,24377.jpg,1,-1
28824,28824.jpg,1,1
14008,14008.jpg,1,-1
25493,25493.jpg,1,1
9051,9051.jpg,1,-1
9765,9765.jpg,1,-1
26753,26753.jpg,1,1
3709,3709.jpg,1,-1
22539,22539.jpg,1,1
13545,13545.jpg,1,1
10329,10329.jpg,1,-1
22666,22666.jpg,1,-1
6905,6905.jpg,1,-1
2739,2739.jpg,1,1
29672,29672.jpg,1,-1
20073,20073.jpg,1,-1
11134,11134.jpg,1,-1
22164,22164.jpg,1,-1
9617,9617.jpg,1,-1
1601,1601.jpg,1,-1
8884,8884.jpg,1,-1
17198,17198.jpg,1,-1
7156,7156.jpg,1,-1
27920,27920.jpg,1,1
58,58.jpg,1,-1
16222,16222.jpg,1,1
24457,24457.jpg,1,1
18397,18397.jpg,1,-1
3772,3772.jpg,1,1
21320,21320.jpg,1,-1
11019,11019.jpg,1,-1
19461,19461.jpg,1,1
19521,19521.jpg,1,1
4397,4397.jpg,1,-1
1798,1798.jpg,1,1
11683,11683.jpg,1,-1
2085,2085.jpg,1,-1
19800,19800.jpg,1,-1
15871,15871.jpg,1,1
2157,2157.jpg,1,-1
13654,13654.jpg,1,1
29635,29635.jpg,1,-1
9977,9977.jpg,1,-1
17439,17439.jpg,1,-1
4517,4517.jpg,1,-1
27433,27433.jpg,1,-1
29452,29452.jpg,1,-1
20628,20628.jpg,1,1
