,img_name
0,29991.jpg
1,12654.jpg
2,17895.jpg
3,17277.jpg
4,5692.jpg
5,7860.jpg
6,4763.jpg
7,458.jpg
8,16888.jpg
9,12143.jpg
10,23188.jpg
11,13332.jpg
12,4478.jpg
13,27917.jpg
14,25917.jpg
15,3149.jpg
16,21054.jpg
17,2335.jpg
18,28315.jpg
19,16198.jpg
20,29991_15249_hat.jpg
21,12654_23233_hat.jpg
22,17895_29849_hat.jpg
23,17277_17287_hat.jpg
24,5692_27914_hat.jpg
25,7860_21322_hat.jpg
26,4763_25951_hat.jpg
27,458_18795_hat.jpg
28,16888_17359_hat.jpg
29,12143_13958_hat.jpg
30,23188_6437_hat.jpg
31,13332_29166_hat.jpg
32,4478_26524_hat.jpg
33,27917_24259_hat.jpg
34,25917_20114_hat.jpg
35,3149_29166_hat.jpg
36,21054_25828_hat.jpg
37,2335_21971_hat.jpg
38,28315_15194_hat.jpg
39,16198_27176_hat.jpg
40,1597.jpg
41,29267.jpg
42,843.jpg
43,7226.jpg
44,2983.jpg
45,6049.jpg
46,12375.jpg
47,6692.jpg
48,625.jpg
49,1761.jpg
50,5476.jpg
51,1597_4550_bangs.jpg
52,29267_907_bangs.jpg
53,843_6190_bangs.jpg
54,7226_3318_bangs.jpg
55,2983_6600_bangs.jpg
56,6049_6273_bangs.jpg
57,12375_19289_bangs.jpg
58,6692_18152_bangs.jpg
59,625_27005_bangs.jpg
60,1761_25663_bangs.jpg
61,5476_755_bangs.jpg
62,12326.jpg
63,7320.jpg
64,11398.jpg
65,26633.jpg
66,7581.jpg
67,21820.jpg
68,20123.jpg
69,15364.jpg
70,1652.jpg
71,3119.jpg
72,22445.jpg
73,20459.jpg
74,13684.jpg
75,11440.jpg
76,16438.jpg
77,11949.jpg
78,5674.jpg
79,27344.jpg
80,12326_14843_smile.jpg
81,7320_14843_smile.jpg
82,11398_4855_smile.jpg
83,26633_1317_smile.jpg
84,7581_24849_smile.jpg
85,21820_12950_smile.jpg
86,20123_16929_smile.jpg
87,15364_1317_smile.jpg
88,1652_23035_smile.jpg
89,3119_3834_smile.jpg
90,22445_12991_smile.jpg
91,20459_14843_smile.jpg
92,13684_1317_smile.jpg
93,11440_16237_smile.jpg
94,16438_26670_smile.jpg
95,11949_9444_smile.jpg
96,5674_21485_smile.jpg
97,27344_16958_smile.jpg
98,18342.jpg
99,23212.jpg
100,11856.jpg
101,6840.jpg
102,13262.jpg
103,26018.jpg
104,7962.jpg
105,23187.jpg
106,3329.jpg
107,13455.jpg
108,17989.jpg
109,29682.jpg
110,15354.jpg
111,15746.jpg
112,11870.jpg
113,7058.jpg
114,14987.jpg
115,18342_22679_eye_g.jpg
116,23212_1565_eye_g.jpg
117,11856_6513_eye_g.jpg
118,6840_6425_eye_g.jpg
119,13262_25268_eye_g.jpg
120,26018_26327_eye_g.jpg
121,7962_18103_eye_g.jpg
122,23187_28509_eye_g.jpg
123,3329_6114_eye_g.jpg
124,13455_25349_eye_g.jpg
125,17989_4015_eye_g.jpg
126,29682_17721_eye_g.jpg
127,15354_18785_eye_g.jpg
128,15746_17507_eye_g.jpg
129,11870_4333_eye_g.jpg
130,7058_21720_eye_g.jpg
131,14987_27477_eye_g.jpg
132,24722.jpg
133,19702.jpg
134,14800.jpg
135,16421.jpg
136,22526.jpg
137,12750.jpg
138,6668.jpg
139,13093.jpg
140,19751.jpg
141,23037.jpg
142,25493.jpg
143,12798.jpg
144,7163.jpg
145,13646.jpg
146,14371.jpg
147,15904.jpg
148,12887.jpg
149,13394.jpg
150,17090.jpg
151,12077.jpg
152,24722_4814_bald.jpg
153,19702_21895_bald.jpg
154,14800_27772_bald.jpg
155,16421_19884_bald.jpg
156,22526_26581_bald.jpg
157,12750_17755_bald.jpg
158,6668_4390_bald.jpg
159,13093_25566_bald.jpg
160,19751_14316_bald.jpg
161,23037_8979_bald.jpg
162,25493_23620_bald.jpg
163,12798_3989_bald.jpg
164,7163_174_bald.jpg
165,13646_17755_bald.jpg
166,14371_29278_bald.jpg
167,15904_2535_bald.jpg
168,12887_18738_bald.jpg
169,13394_7314_bald.jpg
170,17090_4814_bald.jpg
171,12077_5617_bald.jpg
