,file_name,Wearing_Hat
25382,25382.jpg,1
17825,17825.jpg,1
15683,15683.jpg,1
760,760.jpg,1
16780,16780.jpg,1
24239,24239.jpg,1
7985,7985.jpg,1
4822,4822.jpg,1
1322,1322.jpg,1
14698,14698.jpg,1
6752,6752.jpg,1
10482,10482.jpg,1
22221,22221.jpg,1
21685,21685.jpg,1
4753,4753.jpg,1
26437,26437.jpg,1
14431,14431.jpg,1
2618,2618.jpg,1
29733,29733.jpg,1
18658,18658.jpg,1
10529,10529.jpg,1
6051,6051.jpg,1
9281,9281.jpg,1
21999,21999.jpg,1
12884,12884.jpg,1
12960,12960.jpg,1
488,488.jpg,1
2262,2262.jpg,1
26440,26440.jpg,1
25951,25951.jpg,1
23521,23521.jpg,1
28134,28134.jpg,1
14629,14629.jpg,1
18671,18671.jpg,1
16516,16516.jpg,1
28668,28668.jpg,1
8472,8472.jpg,1
10384,10384.jpg,1
4702,4702.jpg,1
29652,29652.jpg,1
24140,24140.jpg,1
22064,22064.jpg,1
11684,11684.jpg,1
14840,14840.jpg,1
8415,8415.jpg,1
11211,11211.jpg,1
3002,3002.jpg,1
23264,23264.jpg,1
16025,16025.jpg,1
20381,20381.jpg,1
4746,4746.jpg,1
19985,19985.jpg,1
11454,11454.jpg,1
12663,12663.jpg,1
20259,20259.jpg,1
11661,11661.jpg,1
20249,20249.jpg,1
29887,29887.jpg,1
25795,25795.jpg,1
25181,25181.jpg,1
25578,25578.jpg,1
11887,11887.jpg,1
3720,3720.jpg,1
9918,9918.jpg,1
20423,20423.jpg,1
13910,13910.jpg,1
7667,7667.jpg,1
1275,1275.jpg,1
28519,28519.jpg,1
18037,18037.jpg,1
20744,20744.jpg,1
12927,12927.jpg,1
5484,5484.jpg,1
15653,15653.jpg,1
10296,10296.jpg,1
27699,27699.jpg,1
26196,26196.jpg,1
27914,27914.jpg,1
9531,9531.jpg,1
5927,5927.jpg,1
22958,22958.jpg,1
715,715.jpg,1
25027,25027.jpg,1
4279,4279.jpg,1
15609,15609.jpg,1
8219,8219.jpg,1
27979,27979.jpg,1
13558,13558.jpg,1
9117,9117.jpg,1
13212,13212.jpg,1
12608,12608.jpg,1
17603,17603.jpg,1
13975,13975.jpg,1
21860,21860.jpg,1
8885,8885.jpg,1
26131,26131.jpg,1
14690,14690.jpg,1
3765,3765.jpg,1
9490,9490.jpg,1
24470,24470.jpg,1
19165,19165.jpg,1
26134,26134.jpg,1
10875,10875.jpg,1
3207,3207.jpg,1
21840,21840.jpg,1
13195,13195.jpg,1
20545,20545.jpg,1
29094,29094.jpg,1
24562,24562.jpg,1
11352,11352.jpg,1
7848,7848.jpg,1
24413,24413.jpg,1
29745,29745.jpg,1
12722,12722.jpg,1
22995,22995.jpg,1
11805,11805.jpg,1
13199,13199.jpg,1
16063,16063.jpg,1
6847,6847.jpg,1
18963,18963.jpg,1
24446,24446.jpg,1
22378,22378.jpg,1
17760,17760.jpg,1
2778,2778.jpg,1
18176,18176.jpg,1
1240,1240.jpg,1
1491,1491.jpg,1
1178,1178.jpg,1
28859,28859.jpg,1
1442,1442.jpg,1
3339,3339.jpg,1
13521,13521.jpg,1
12671,12671.jpg,1
18125,18125.jpg,1
2279,2279.jpg,1
28629,28629.jpg,1
21889,21889.jpg,1
19673,19673.jpg,1
28340,28340.jpg,1
7018,7018.jpg,1
14796,14796.jpg,1
5015,5015.jpg,1
20503,20503.jpg,1
28195,28195.jpg,1
23131,23131.jpg,1
6437,6437.jpg,1
28391,28391.jpg,1
12797,12797.jpg,1
21623,21623.jpg,1
9843,9843.jpg,1
20431,20431.jpg,1
5696,5696.jpg,1
11403,11403.jpg,1
5425,5425.jpg,1
924,924.jpg,1
7591,7591.jpg,1
21220,21220.jpg,1
8466,8466.jpg,1
28708,28708.jpg,1
1615,1615.jpg,1
22422,22422.jpg,1
27125,27125.jpg,1
27900,27900.jpg,1
26595,26595.jpg,1
1045,1045.jpg,1
17367,17367.jpg,1
6795,6795.jpg,1
16265,16265.jpg,1
11423,11423.jpg,1
26694,26694.jpg,1
718,718.jpg,1
9027,9027.jpg,1
20772,20772.jpg,1
19555,19555.jpg,1
16766,16766.jpg,1
29639,29639.jpg,1
13498,13498.jpg,1
13982,13982.jpg,1
24760,24760.jpg,1
28550,28550.jpg,1
29787,29787.jpg,1
14590,14590.jpg,1
1933,1933.jpg,1
22925,22925.jpg,1
1000,1000.jpg,1
29849,29849.jpg,1
25052,25052.jpg,1
22390,22390.jpg,1
17099,17099.jpg,1
8778,8778.jpg,1
29295,29295.jpg,1
29758,29758.jpg,1
27961,27961.jpg,1
16864,16864.jpg,1
13767,13767.jpg,1
17512,17512.jpg,1
5223,5223.jpg,1
24771,24771.jpg,1
25290,25290.jpg,1
2866,2866.jpg,1
17519,17519.jpg,1
23078,23078.jpg,1
23984,23984.jpg,1
15984,15984.jpg,1
3564,3564.jpg,1
28819,28819.jpg,1
5523,5523.jpg,1
14781,14781.jpg,1
14528,14528.jpg,1
11346,11346.jpg,1
25009,25009.jpg,1
22281,22281.jpg,1
4330,4330.jpg,1
25054,25054.jpg,1
4961,4961.jpg,1
19721,19721.jpg,1
10565,10565.jpg,1
24099,24099.jpg,1
25098,25098.jpg,1
24259,24259.jpg,1
7979,7979.jpg,1
6426,6426.jpg,1
11956,11956.jpg,1
1967,1967.jpg,1
14642,14642.jpg,1
27356,27356.jpg,1
23567,23567.jpg,1
27068,27068.jpg,1
25309,25309.jpg,1
10204,10204.jpg,1
29649,29649.jpg,1
18480,18480.jpg,1
17827,17827.jpg,1
4578,4578.jpg,1
25022,25022.jpg,1
29737,29737.jpg,1
27365,27365.jpg,1
7050,7050.jpg,1
3462,3462.jpg,1
28847,28847.jpg,1
14744,14744.jpg,1
4638,4638.jpg,1
17744,17744.jpg,1
12457,12457.jpg,1
21230,21230.jpg,1
21491,21491.jpg,1
9283,9283.jpg,1
3677,3677.jpg,1
43,43.jpg,1
10772,10772.jpg,1
21971,21971.jpg,1
16103,16103.jpg,1
13718,13718.jpg,1
7767,7767.jpg,1
3659,3659.jpg,1
15083,15083.jpg,1
7244,7244.jpg,1
22693,22693.jpg,1
25086,25086.jpg,1
7675,7675.jpg,1
23655,23655.jpg,1
20713,20713.jpg,1
29022,29022.jpg,1
21829,21829.jpg,1
24448,24448.jpg,1
5962,5962.jpg,1
21181,21181.jpg,1
26061,26061.jpg,1
16476,16476.jpg,1
9633,9633.jpg,1
7153,7153.jpg,1
2967,2967.jpg,1
8116,8116.jpg,1
24729,24729.jpg,1
23535,23535.jpg,1
27484,27484.jpg,1
20587,20587.jpg,1
5912,5912.jpg,1
14843,14843.jpg,1
23393,23393.jpg,1
13908,13908.jpg,1
10135,10135.jpg,1
24756,24756.jpg,1
5148,5148.jpg,1
1650,1650.jpg,1
12300,12300.jpg,1
13934,13934.jpg,1
17088,17088.jpg,1
23863,23863.jpg,1
10956,10956.jpg,1
12770,12770.jpg,1
5257,5257.jpg,1
9173,9173.jpg,1
12817,12817.jpg,1
12828,12828.jpg,1
575,575.jpg,1
11102,11102.jpg,1
8621,8621.jpg,1
2806,2806.jpg,1
22781,22781.jpg,1
14054,14054.jpg,1
10646,10646.jpg,1
11682,11682.jpg,1
10090,10090.jpg,1
29247,29247.jpg,1
29342,29342.jpg,1
2131,2131.jpg,1
8393,8393.jpg,1
17159,17159.jpg,1
6733,6733.jpg,1
4289,4289.jpg,1
24896,24896.jpg,1
12639,12639.jpg,1
11642,11642.jpg,1
13965,13965.jpg,1
3642,3642.jpg,1
7405,7405.jpg,1
2841,2841.jpg,1
11059,11059.jpg,1
5680,5680.jpg,1
12152,12152.jpg,1
22680,22680.jpg,1
15900,15900.jpg,1
23035,23035.jpg,1
24738,24738.jpg,1
3838,3838.jpg,1
16176,16176.jpg,1
13481,13481.jpg,1
12290,12290.jpg,1
16705,16705.jpg,1
18899,18899.jpg,1
5811,5811.jpg,1
15925,15925.jpg,1
17669,17669.jpg,1
9691,9691.jpg,1
18623,18623.jpg,1
14853,14853.jpg,1
16130,16130.jpg,1
19573,19573.jpg,1
4774,4774.jpg,1
19840,19840.jpg,1
20420,20420.jpg,1
29296,29296.jpg,1
25208,25208.jpg,1
25510,25510.jpg,1
16962,16962.jpg,1
9174,9174.jpg,1
10723,10723.jpg,1
28685,28685.jpg,1
15226,15226.jpg,1
9810,9810.jpg,1
14349,14349.jpg,1
17754,17754.jpg,1
11585,11585.jpg,1
18705,18705.jpg,1
17372,17372.jpg,1
8110,8110.jpg,1
11700,11700.jpg,1
3824,3824.jpg,1
167,167.jpg,1
5292,5292.jpg,1
8476,8476.jpg,1
28926,28926.jpg,1
9345,9345.jpg,1
24975,24975.jpg,1
29179,29179.jpg,1
28327,28327.jpg,1
19972,19972.jpg,1
12631,12631.jpg,1
27358,27358.jpg,1
9337,9337.jpg,1
1856,1856.jpg,1
21366,21366.jpg,1
22467,22467.jpg,1
6431,6431.jpg,1
25196,25196.jpg,1
28573,28573.jpg,1
18757,18757.jpg,1
24359,24359.jpg,1
28438,28438.jpg,1
28305,28305.jpg,1
11929,11929.jpg,1
20343,20343.jpg,1
190,190.jpg,1
12221,12221.jpg,1
19159,19159.jpg,1
11572,11572.jpg,1
23432,23432.jpg,1
22446,22446.jpg,1
9369,9369.jpg,1
26700,26700.jpg,1
5781,5781.jpg,1
14122,14122.jpg,1
6148,6148.jpg,1
16064,16064.jpg,1
7017,7017.jpg,1
13781,13781.jpg,1
4491,4491.jpg,1
2245,2245.jpg,1
18692,18692.jpg,1
19246,19246.jpg,1
27315,27315.jpg,1
25227,25227.jpg,1
27596,27596.jpg,1
28270,28270.jpg,1
21074,21074.jpg,1
14197,14197.jpg,1
20114,20114.jpg,1
26894,26894.jpg,1
4620,4620.jpg,1
18672,18672.jpg,1
14985,14985.jpg,1
8558,8558.jpg,1
18634,18634.jpg,1
24690,24690.jpg,1
11734,11734.jpg,1
3974,3974.jpg,1
3609,3609.jpg,1
19102,19102.jpg,1
12017,12017.jpg,1
13958,13958.jpg,1
22776,22776.jpg,1
14762,14762.jpg,1
28072,28072.jpg,1
25828,25828.jpg,1
12980,12980.jpg,1
20055,20055.jpg,1
12522,12522.jpg,1
27025,27025.jpg,1
22025,22025.jpg,1
27655,27655.jpg,1
21717,21717.jpg,1
23218,23218.jpg,1
21959,21959.jpg,1
7045,7045.jpg,1
16774,16774.jpg,1
20123,20123.jpg,1
17602,17602.jpg,1
6399,6399.jpg,1
18497,18497.jpg,1
12596,12596.jpg,1
754,754.jpg,1
1461,1461.jpg,1
11617,11617.jpg,1
3186,3186.jpg,1
17496,17496.jpg,1
25000,25000.jpg,1
16584,16584.jpg,1
21465,21465.jpg,1
4258,4258.jpg,1
2369,2369.jpg,1
27085,27085.jpg,1
12271,12271.jpg,1
20870,20870.jpg,1
5632,5632.jpg,1
8277,8277.jpg,1
4426,4426.jpg,1
5435,5435.jpg,1
6449,6449.jpg,1
21708,21708.jpg,1
23924,23924.jpg,1
26222,26222.jpg,1
10241,10241.jpg,1
451,451.jpg,1
3251,3251.jpg,1
13169,13169.jpg,1
22624,22624.jpg,1
1651,1651.jpg,1
10117,10117.jpg,1
27108,27108.jpg,1
17359,17359.jpg,1
9008,9008.jpg,1
18101,18101.jpg,1
27149,27149.jpg,1
6234,6234.jpg,1
10564,10564.jpg,1
3860,3860.jpg,1
12048,12048.jpg,1
19629,19629.jpg,1
5538,5538.jpg,1
5231,5231.jpg,1
27268,27268.jpg,1
3099,3099.jpg,1
4304,4304.jpg,1
21852,21852.jpg,1
15545,15545.jpg,1
11515,11515.jpg,1
13987,13987.jpg,1
12381,12381.jpg,1
8326,8326.jpg,1
19741,19741.jpg,1
21361,21361.jpg,1
23248,23248.jpg,1
17523,17523.jpg,1
27818,27818.jpg,1
6289,6289.jpg,1
8225,8225.jpg,1
25332,25332.jpg,1
27240,27240.jpg,1
21570,21570.jpg,1
